ID,BWEIGHT
1,6.895598017905194
2,6.028292787971559
3,5.862600361827967
4,6.97667216779725
5,6.994759679022503
6,7.187011405599099
7,6.788900006385977
8,6.87264668342105
9,7.354417181043434
10,7.344569101574268
11,7.3222732599787355
12,7.515930253148814
13,7.437699320897281
14,7.011536916308758
15,7.027004687143822
16,7.508094356601367
17,5.857869475126295
18,7.158807245994136
19,7.353689852721379
20,6.768213414720896
21,6.807322215801598
22,7.691304965785304
23,7.159794248430816
24,7.196515472226052
25,7.139755672416921
26,7.179163415933484
27,6.37253422858547
28,6.8432753223080605
29,6.992379650714323
30,7.503696391755372
31,7.595351967566564
32,7.21805971924232
33,7.601750537332866
34,7.07809131310147
35,6.892185893132585
36,7.283651544223634
37,7.2029927827859455
38,7.1682487429735176
39,6.710701964590639
40,7.267909247236605
41,7.21690656858055
42,6.849982923915295
43,6.585684450715989
44,6.981715022337616
45,6.9639360738739615
46,7.56970255970708
47,7.121281171916333
48,7.601867057234717
49,6.163633578411085
50,6.7713852428185834
51,7.403466675192255
52,6.993009345136771
53,7.194838407350627
54,6.846621758047155
55,7.1459553097620185
56,7.437583927969226
57,7.150399856725785
58,7.1142896931843955
59,7.144559904600925
60,6.854346235960404
61,6.5606089907513
62,7.489520360369209
63,7.396196253289311
64,7.129545426899088
65,7.1950847862932354
66,7.191397864967445
67,7.113062838512748
68,7.293961927588403
69,7.308479980585514
70,7.0016571121803715
71,7.331406080090394
72,7.050691441073433
73,7.102443103627023
74,7.3128078027285754
75,7.181187976183749
76,7.140933370989988
77,6.601109426960834
78,6.792507528166764
79,6.5305214936489495
80,6.773091021427771
81,7.404668102643961
82,6.828731842091007
83,7.331143852436464
84,7.518607902227841
85,6.872974810231602
86,6.9152411932364135
87,7.1523532930666605
88,7.363762211427324
89,7.2090976953061725
90,7.32953789703132
91,7.102813632218975
92,7.301689312888644
93,6.114965680931048
94,6.823599073990797
95,7.283187322194183
96,6.583990315061606
97,7.540987954824433
98,7.330812087582203
99,7.395828898865987
100,7.122194329352914
101,7.217728662596887
102,7.429316813954648
103,6.648361985843506
104,7.435168773325765
105,7.38779570804171
106,7.390991794294295
107,7.084724073798889
108,6.8556907536498315
109,6.546432428254975
110,7.10284605346496
111,6.868081736486596
112,7.007181845620168
113,7.215409116411125
114,7.508462837998487
115,6.7184561287750055
116,7.073370959338008
117,7.1593801077581185
118,7.192411550701825
119,7.280426476742699
120,7.03010999231988
121,7.105605190518123
122,7.046747224357641
123,6.949011776513604
124,6.988788945801944
125,6.752822882346896
126,6.965127010476619
127,7.417949222145185
128,7.23640494846539
129,7.232949097020156
130,6.839965456191939
131,6.932299550739003
132,7.171146442670661
133,6.824542654826479
134,7.094049293504437
135,7.254389249833261
136,7.106618200420412
137,7.530322157382682
138,7.130354217493925
139,7.509285293204025
140,7.76642849201091
141,7.131337884702567
142,7.163122958842331
143,7.232068035851681
144,7.275305083837319
145,7.109748671254201
146,7.394451501956242
147,6.918714245118743
148,7.316791739247067
149,6.9155223134527475
150,7.141022545181403
151,7.0825652574373965
152,7.17317338715134
153,7.0121666089702765
154,7.344938864381626
155,7.247479098234843
156,7.319760750712188
157,7.074092881296769
158,7.457128788461084
159,7.1888565777028735
160,6.569262844834171
161,7.56189339517155
162,7.449374146196851
163,7.147593259425062
164,7.389790479187782
165,7.064327313286886
166,6.774920547248798
167,6.918998891559463
168,7.3237610994289
169,7.552723464544119
170,7.605411539384621
171,6.645915198131345
172,7.55104752664249
173,6.952937526948516
174,6.996992605823172
175,7.598883099341682
176,6.67582568644786
177,5.726660214047122
178,7.416258806894975
179,7.087896651539038
180,7.238609613797659
181,7.448058777359363
182,7.120074950583165
183,6.683652445571372
184,6.8009568657551505
185,7.405535386856542
186,7.369444373109398
187,7.294340262537304
188,6.7260099053984455
189,7.135619329646712
190,6.977716566379294
191,7.320702899988205
192,6.203570786837677
193,7.5737216646521
194,7.051432295959643
195,6.8085971242758205
196,7.06969374738573
197,7.44217183616382
198,7.079885597864457
199,6.6561655758583536
200,7.362276062437853
201,6.660747878254678
202,5.965044778819207
203,7.2022003227244085
204,7.054975087648852
205,7.007813497284946
206,7.1292804762182325
207,6.792441314367253
208,7.162469286828112
209,6.957230597596112
210,7.5301664099232575
211,6.992049608203577
212,7.2587847584339675
213,7.301977643594609
214,7.138426646704677
215,6.712478215789191
216,7.5334461436900035
217,6.19021743710837
218,7.362164901974093
219,7.0856918983669726
220,7.5503105638482495
221,7.440198277491345
222,6.631167355581372
223,7.128457457525797
224,7.044632901684787
225,6.828306622928744
226,7.1883787807391295
227,7.16892891343961
228,7.743276707018936
229,6.946739630687332
230,7.414596219368132
231,7.142729003092973
232,6.874754124413054
233,7.245905443859257
234,6.823277345214482
235,7.342118309424945
236,7.316388428219929
237,7.093573656080718
238,7.237337603583334
239,7.422229540115533
240,6.80064796419704
241,6.980622194324687
242,6.986553610617242
243,7.017531907684215
244,6.752347471374495
245,6.546415881391845
246,6.9204271145391045
247,7.394189725444015
248,7.463360952157754
249,6.973178081064916
250,7.48356374330803
251,6.751325299894651
252,7.133382665190516
253,7.48282678051379
254,7.454929926413807
255,7.218875583914912
256,7.591869094512875
257,7.050665288575273
258,6.946360253461372
259,7.4817115213054715
260,7.094502549389514
261,7.125485723033752
262,7.042785604120749
263,7.040907244855518
264,7.269225598537033
265,7.057320131308501
266,7.534268035408644
267,6.651029252094495
268,7.111648831559788
269,7.186070176544121
270,7.412968648208942
271,7.180381468042583
272,6.808761509133829
273,7.0162789338184
274,7.126974842060251
275,7.03103618053938
276,7.307196112772975
277,7.0172944644499164
278,7.005123624804929
279,6.934351664049506
280,7.168924570205938
281,6.892778050458154
282,7.398068126142657
283,6.964376091729447
284,6.96310403071942
285,6.733621562530547
286,7.056541371187346
287,7.711313804910552
288,7.092297475910771
289,6.78776274553895
290,7.4590344114249305
291,7.579691270898864
292,7.01563966876794
293,7.249800030304802
294,6.941175316479259
295,7.223827575633388
296,7.311973036547111
297,7.119482793257595
298,7.14960275914129
299,7.291616841837507
300,7.4204470517654535
301,7.445035382063037
302,7.487177395623514
303,7.009790117780856
304,7.195776101047778
305,7.0986770641763055
306,6.823552345771858
307,6.909000440447768
308,7.508442752498686
309,7.0404613357941646
310,7.461458972034892
311,7.016566983961236
312,7.538666000254639
313,7.018992671544993
314,7.034652804725796
315,6.9898271385352295
316,6.1518110707108855
317,6.728796507865848
318,6.89703623573387
319,6.854383297145324
320,6.850245376259613
321,7.174290491256793
322,7.5548988810933
323,7.421932595176778
324,6.837527392875846
325,7.197074306022227
326,7.152205448749316
327,6.988050611644962
328,7.4853951140261925
329,6.5717135246383
330,7.150197076006885
331,7.012210898644043
332,6.841835402782814
333,7.55102390578486
334,7.335571673346475
335,6.201081598569843
336,7.183088265845918
337,7.48656105157585
338,7.056439418586581
339,6.960082108741421
340,6.714967271868813
341,6.951138923105478
342,7.012270817279564
343,7.26030936236379
344,7.283392378393137
345,7.065548735688845
346,5.93367595911306
347,7.364844598247953
348,7.221676906915633
349,6.952985748226079
350,7.396593594976029
351,7.484242068876987
352,7.130670523517051
353,7.379729329254225
354,7.0777909855816645
355,7.550675265498596
356,7.615068630444073
357,6.913479442126194
358,7.507534959318294
359,7.447095762418302
360,7.190983724294748
361,7.036958628567145
362,7.167572825788594
363,7.491841502608098
364,7.139041863778545
365,7.330512918695025
366,6.953625092811654
367,7.114001250133238
368,6.985992729626234
369,7.3721230126634065
370,6.896965126263589
371,7.399492778381107
372,7.093990500008807
373,7.194634550140345
374,6.743384520384683
375,6.552321623398109
376,7.4188893242263685
377,6.979775463026624
378,6.974619246610903
379,7.272497000994758
380,7.54582654310406
381,7.375246886625535
382,7.006624495531927
383,7.129746875725337
384,6.803969537381948
385,7.59280863310716
386,7.01576444868184
387,6.378321135601949
388,6.54681341531924
389,7.4056154090603705
390,7.458653143139923
391,7.0440375633579615
392,6.808143713954301
393,7.20322019636992
394,7.160043035757457
395,6.634463282975629
396,7.380922407459281
397,6.712871407022958
398,7.222057611713743
399,7.209522800944384
400,7.042483261209079
401,7.350340459112524
402,7.392097956408996
403,7.115119481212487
404,7.028135216721105
405,7.420552024098405
406,7.033272191556174
407,6.916837463969011
408,7.521486394554971
409,7.368328598275437
410,7.182113244182212
411,7.412611718704904
412,7.423801181516302
413,7.312500366940773
414,7.217469368279063
415,7.436667709203125
416,7.344260651157862
417,7.064034436452507
418,7.107913658214318
419,6.884645814550098
420,7.134155129122683
421,6.798514582331007
422,7.654996882482646
423,6.747168316739882
424,7.074335901580688
425,7.535313560964483
426,7.038004436140107
427,6.594236999135145
428,7.06422499114926
429,7.089017742144025
430,7.133309959667107
431,6.778532847973073
432,7.066195939140005
433,7.290568551163494
434,7.121402492532275
435,7.50687054761102
436,7.089824550935936
437,7.656687297732856
438,7.374106879585792
439,6.990901351090042
440,6.86749836331478
441,7.120460674447038
442,6.75397477575205
443,7.499225721385968
444,7.4449191977544675
445,6.797247417425842
446,7.507609355302396
447,7.174290491256793
448,7.027213847432513
449,6.658527871158752
450,7.217083795295206
451,6.8881986280090235
452,7.149141237876952
453,6.255757795731894
454,6.74569368806659
455,7.321309292650976
456,7.230097087860936
457,7.2636619139991385
458,6.691857232566396
459,6.456013012664833
460,7.100272062030635
461,7.117542670459707
462,7.052930668350104
463,6.876241228488203
464,7.059858414983019
465,6.797969733693487
466,7.041753992426593
467,7.570798188881485
468,7.424811693082055
469,6.74033732315765
470,7.099593076189648
471,7.364319425016751
472,7.382893670092916
473,6.79926320503934
474,7.098045904565622
475,7.157074473600137
476,7.338777173183866
477,7.221700815774074
478,7.253554274521471
479,6.977421917479378
480,7.185893738006748
481,7.05556690617791
482,7.246099082772134
483,7.6540695672893495
484,7.471816164623796
485,7.350527765830279
486,6.798512217811483
487,7.418200620153557
488,7.288788110008246
489,7.143490055824176
490,7.160530308941648
491,7.361109729155766
492,6.64473812712336
493,7.035212765495767
494,7.265293207253793
495,7.153512299675679
496,7.599792703199195
497,7.162026972933788
498,7.069696809209165
499,7.032535679903638
500,7.337550720505991
501,7.573793088765272
502,6.911248562520358
503,6.844835506092434
504,7.088721605081112
505,6.937146396517282
506,6.76577405240495
507,7.424951721496342
508,7.214412067565352
509,7.12900669667122
510,7.0278586960786615
511,7.23158883613197
512,7.13170386776315
513,6.998038849302351
514,7.076687305525535
515,7.103192604465144
516,7.446453363444614
517,6.907263708565371
518,7.115116776123191
519,7.433598976822132
520,6.319339266167851
521,6.992370472994633
522,7.389519306634643
523,7.197521528212938
524,7.040440953369424
525,6.726157249318026
526,7.25009641175666
527,7.640835121692305
528,6.963917081137315
529,7.394227262540896
530,7.48253044115318
531,7.0487714716677985
532,7.2103899907494
533,7.381775439013667
534,7.169736736860124
535,7.405226824094942
536,6.830829106876854
537,7.1716134056646625
538,6.738034793543411
539,7.303853675101879
540,7.199857452386279
541,7.135611996824157
542,7.325545251872471
543,7.132385255155542
544,7.457655530807251
545,6.851726290843392
546,7.19647928917092
547,7.382585558473022
548,6.823493352810859
549,7.046199089020222
550,7.110301758597905
551,7.403490967557793
552,7.507133042046586
553,7.391431046365185
554,7.16041095366768
555,6.925340587824316
556,7.5136492586885355
557,6.927917723558978
558,6.251880921541636
559,7.203852331986481
560,7.484372284651884
561,7.1827898792904765
562,7.203421612819433
563,6.732495385810994
564,7.35324866580085
565,7.326411293209639
566,7.294162697026136
567,7.052418169661596
568,7.237419969687257
569,6.932892383896663
570,7.352308000232768
571,7.1336470523844735
572,6.9828242779948715
573,6.915967771372396
574,7.249086463677805
575,7.245435276643007
576,6.708707175376061
577,7.487845342688617
578,7.496168494482626
579,7.529890565112906
580,7.103443890128323
581,7.088531816168955
582,7.047078708978987
583,6.743287225515596
584,7.488415681962443
585,7.223851725767275
586,7.358080841469584
587,7.341740933231906
588,6.919631069462991
589,7.354071121006387
590,10.579806301240602
591,6.897153770264322
592,7.120254224492653
593,7.300343964930684
594,7.563733629292408
595,7.290727158148656
596,7.397805068220193
597,6.592531291772683
598,7.0506898931012385
599,7.153527021413206
600,6.311438880893029
601,7.144499422478505
602,7.447095198931404
603,7.1454554837823006
604,7.088900861052974
605,7.252249114055803
606,7.564734664637715
607,7.046470905239792
608,7.514432444245251
609,6.922613858290981
610,7.151205428032612
611,6.621145700760127
612,7.464813665272639
613,6.9165271686554695
614,7.115636513605038
615,7.3702179459468535
616,7.1012928953012615
617,6.522096222340911
618,10.488306585234028
619,7.360229910587162
620,6.903034443369203
621,7.286290505078365
622,6.76188153292577
623,7.5737216646521
624,7.162469755907445
625,7.051721522897742
626,7.0420358544386215
627,7.355306435474384
628,7.045508348988456
629,7.11025558593872
630,7.403550886193314
631,7.232389605329517
632,6.862725801175411
633,7.683819140254241
634,7.491768797084689
635,7.0393155179549485
636,7.252403622196238
637,7.473340943463929
638,6.957552439299694
639,6.942933981674012
640,7.141018145477944
641,7.048373942082505
642,6.427344898455598
643,7.251388921833255
644,6.924171116750734
645,7.12891219711881
646,7.004007892062217
647,7.389683886648082
648,6.775597027920619
649,7.479534823346054
650,7.253352867786471
651,5.947366996342257
652,7.140277290591736
653,6.2357447509955515
654,7.398850748212475
655,6.989905444329251
656,7.136735104480672
657,7.471710586712698
658,6.919141612585154
659,6.943316282525251
660,6.9766716043103525
661,6.830742011423333
662,6.956799966590642
663,6.771664535197102
664,6.711805748464611
665,7.246954861507065
666,6.544768432533592
667,6.988977814493064
668,7.42883124916878
669,7.125308721009483
670,7.469651690065367
671,7.066057915829302
672,7.2958903904721994
673,7.565173767522239
674,7.335851800330675
675,7.476856723125321
676,7.355628242967326
677,7.495917756746284
678,7.371786840167077
679,7.249674995693041
680,7.368540993416623
681,6.911689143862741
682,7.056354644098624
683,7.533267451205041
684,6.5921772894850745
685,6.963173537303945
686,7.422405058431869
687,7.528120863650713
688,7.437887626101503
689,6.90565849200666
690,7.497251599226595
691,7.232861914148166
692,7.068840128190825
693,7.455608703124469
694,6.83577526342959
695,7.358364789351522
696,7.1373263896661365
697,6.988324611558179
698,6.9955084140760295
699,6.703408764173398
700,7.14661674783743
701,7.05341679662287
702,7.451318006650265
703,7.155764201495043
704,7.043310331081659
705,6.943920394584755
706,7.436774414088019
707,7.622168127684177
708,6.915053806553886
709,6.978348669185777
710,6.932681358522008
711,7.279382980444065
712,7.148043341141512
713,7.411801486900356
714,7.135498194366522
715,6.752158381954136
716,7.4849587070419314
717,7.027269149434823
718,6.5954743027497065
719,7.019846830073176
720,7.332809299489044
721,7.5109733000702015
722,7.115857837762158
723,7.287039466583209
724,6.983471279148335
725,7.071836084794463
726,6.94499186369274
727,7.578266167518709
728,7.8847818727149885
729,6.764737311002863
730,6.913887644720816
731,7.07950376609255
732,7.363538221262961
733,7.49501682752879
734,6.751777090009421
735,7.214601138554169
736,6.847643630532329
737,7.222495470029203
738,7.204562933646151
739,7.394451501956242
740,7.506372759424162
741,7.0867690565845365
742,7.508915530396667
743,7.208735532103003
744,6.198585182403565
745,6.668059318173024
746,7.06207208655242
747,7.619205382264739
748,7.455594789262785
749,7.579585692987766
750,7.309966598785197
751,7.029431779096116
752,7.132719737191178
753,6.5132205278976265
754,7.153086195681877
755,7.627483029219613
756,6.873300919053045
757,7.033714393105305
758,7.209925281702989
759,7.156041156731302
760,7.092074565766917
761,6.8778111968799545
762,7.114854530531632
763,7.488595092370745
764,7.561413970761453
765,7.575923000475317
766,7.379232104554265
767,7.576778891555442
768,7.374570969440612
769,7.027210118643603
770,6.961584143690364
771,6.842980312218945
772,7.455108660990018
773,7.18125521149969
774,7.400685293099265
775,6.891385635823524
776,7.3088370688501785
777,7.206466291964382
778,7.3412051568064625
779,7.397877773743602
780,7.382585558473022
781,6.936968831006115
782,6.929064194837596
783,7.3512769520255095
784,6.257471432305778
785,6.504127289700114
786,7.520652885013488
787,6.861911194418069
788,7.528121990624509
789,7.373498961123837
790,6.851997822597218
791,6.872973565852496
792,7.346983283680375
793,7.610808759162726
794,5.897601492964254
795,7.1468800142735835
796,7.0521820456417705
797,7.274247334880489
798,5.883505376092401
799,7.0746075763045395
800,7.10196735385811
801,7.1001944180675345
802,7.070649459048742
803,7.129661744503241
804,7.317315855758419
805,6.758586489780979
806,6.850381133674781
807,6.979202715368766
808,7.177024741602149
809,7.0075535011859165
810,7.444241111315005
811,7.125587142290924
812,7.36190814452763
813,7.04304978901701
814,6.8401691976962535
815,7.347054707793546
816,7.39576361895847
817,7.239382022882082
818,7.337017608214148
819,7.185702258633897
820,6.979681331903019
821,6.691029491733137
822,7.025330195701979
823,6.941628008877439
824,7.215728549148601
825,6.116356889482947
826,7.344760003021113
827,7.953644536667129
828,7.1448960541224915
829,6.657600804809464
830,7.17608157769753
831,6.851321390192407
832,7.082962886113979
833,7.372642618902009
834,6.8260302804911746
835,7.476740090878278
836,6.991147738661764
837,7.151571346828935
838,6.166747746940491
839,7.163780480988147
840,7.102134743163121
841,7.4901637619005825
842,6.706035543849265
843,7.200162672761316
844,6.733646465782944
845,7.0349588691508576
846,7.50500313033654
847,7.55041486034911
848,7.106164587801196
849,6.772319648240981
850,7.155014297376473
851,7.161182966458142
852,7.601940889731922
853,7.482525604969042
854,7.107292633897401
855,6.778474909888645
856,7.002135384425001
857,7.154571217697552
858,7.2453163483571235
859,6.523929236255553
860,7.470886553391661
861,7.018445465286174
862,6.89481932573158
863,7.308517517682395
864,7.460984878506658
865,7.046435664181751
866,7.266173390699455
867,6.971702268031277
868,7.2526971665150475
869,7.254317262233192
870,6.954670885149129
871,7.0303730502423445
872,7.139161355551327
873,7.267835775928601
874,7.276526282145935
875,6.993842540035365
876,7.131263849907665
877,6.235196799626618
878,7.47509646187744
879,6.945004538235435
880,7.284128214213583
881,7.153743387900839
882,7.376331479939476
883,7.0029634934801726
884,7.1455724633615105
885,7.096889685247788
886,6.754196317909683
887,7.403215277183882
888,6.941383116263922
889,6.561536869431494
890,6.709355068166569
891,6.877421082066037
892,6.578211785177168
893,7.204718005273484
894,6.911996016163646
895,7.56975385293508
896,7.30032421773348
897,6.978727890275952
898,7.256921191160208
899,6.362298742634886
900,7.000347565842554
901,7.532150910586486
902,7.596173253707057
903,7.138901584142684
904,7.636254572269379
905,6.92590093270569
906,7.4016831121846955
907,7.541913579557035
908,7.157248303289682
909,6.733087353517043
910,7.469949310836214
911,7.551924535919524
912,6.847100272934239
913,7.248172464648654
914,7.560558797604669
915,7.315364678624584
916,6.8170529403394005
917,7.503018629673313
918,7.102407864452634
919,7.554222400421478
920,7.056827219698907
921,7.213924206740643
922,7.110561989160293
923,6.803790149948408
924,7.578834365190136
925,7.342024748162078
926,7.015934881154753
927,7.247245149455358
928,7.088540372168364
929,6.801980051863597
930,6.2906443906471115
931,7.474802939951321
932,7.14214848761299
933,7.360894773436139
934,7.496535848905951
935,6.8900553538361
936,7.456037103157111
937,7.138222380443939
938,7.497739417960054
939,6.8199741743681015
940,6.7551576616088145
941,7.194003165257202
942,7.343440491991164
943,7.410671595907015
944,6.595913757118294
945,7.060504633948883
946,7.267799889578733
947,7.044273598007356
948,7.241131413572014
949,7.063559001326486
950,7.166497643303192
951,6.988611380290776
952,7.282341270284636
953,7.176775426506017
954,6.409117858531614
955,6.661848209695679
956,7.154384039467126
957,7.314329102823584
958,7.127708271330567
959,7.522339764905869
960,7.448780031628953
961,7.145248608673736
962,7.602616806916846
963,7.420743391126062
964,7.074474713068676
965,6.744475977451219
966,7.140234001578102
967,7.4232295608322385
968,7.159222064259855
969,7.426522644973771
970,7.296388742145956
971,6.91327929264781
972,7.139162482525123
973,6.810173896867869
974,7.92698288468995
975,7.127806189440551
976,6.899264497770148
977,7.557870052098447
978,7.449828322302965
979,7.027592760912509
980,7.160129857440247
981,7.15885470983653
982,7.101129643571453
983,7.049627449236714
984,7.13879330114229
985,6.538779385359814
986,5.946272161514612
987,7.134987024542532
988,6.924209990667127
989,7.194422985267693
990,6.986425467580537
991,7.023948906700266
992,7.40321584067078
993,7.284245297602331
994,7.442434176162945
995,7.213899487793997
996,6.903700534049396
997,6.712990442242578
998,7.043603152605717
999,7.069255058801738
1000,6.358387647366736
1001,7.480590318355292
1002,7.4440013619848475
1003,6.682699307889172
1004,7.556943300392049
1005,7.133456136498521
1006,7.3597435155327595
1007,7.546692249201141
1008,7.190295031457814
1009,5.598153495589424
1010,6.972877414612769
1011,7.297824401441169
1012,7.384951327421258
1013,7.571262541193756
1014,7.219582212962968
1015,5.865219243400976
1016,7.431244149864649
1017,7.329908537968466
1018,6.5948254633876005
1019,7.019111555905724
1020,7.097412111298446
1021,6.9366003496089945
1022,7.86146334660733
1023,7.087412777213863
1024,7.560296303169102
1025,6.935919032470547
1026,7.499771768294256
1027,7.357507883642795
1028,7.547722110625405
1029,7.433155179219873
1030,7.394417502594757
1031,6.949245416780136
1032,7.654701670095832
1033,7.132078382854637
1034,7.406948421272148
1035,7.504255789038446
1036,7.045579773101627
1037,7.404226464581726
1038,7.296908122515313
1039,7.605006917023617
1040,7.011182785475918
1041,7.015446456843147
1042,7.236134104783174
1043,7.435286420201411
1044,7.548738922447481
1045,7.465299793545405
1046,6.991225687721647
1047,7.190888430479938
1048,6.703706948431142
1049,7.515182757414277
1050,7.394156289569429
1051,6.9689655780395405
1052,7.2807731642416975
1053,6.0994902777474245
1054,6.951391917166978
1055,7.040907244855518
1056,7.54482346056392
1057,7.44866510778023
1058,7.587382007621066
1059,7.467415791393768
1060,6.704088867219349
1061,6.806915530011161
1062,7.179617616193219
1063,7.269057176534915
1064,7.1291016292968274
1065,6.9388356847936965
1066,7.1497938773249405
1067,7.026080508871005
1068,7.113439918000525
1069,7.485430033608714
1070,6.928622193865461
1071,6.967791525335593
1072,7.302321303349934
1073,7.454026087567287
1074,7.226173116850172
1075,6.867863782888466
1076,7.100398120841375
1077,7.320073769052653
1078,7.430422976069349
1079,7.506871111097918
1080,6.976146287444495
1081,6.999346869293757
1082,7.12045678235507
1083,7.285614926689952
1084,7.138984555824755
1085,6.6635150749832075
1086,6.874933357219122
1087,7.3771033619092625
1088,6.9426736888697205
1089,7.478784510177027
1090,7.226874269596434
1091,7.022428870694503
1092,6.8847432635807495
1093,6.940108536358574
1094,6.90698944096963
1095,7.0687796702220265
1096,7.30973995531
1097,7.265028256572938
1098,7.451756334045057
1099,7.10356097351707
1100,6.694763762795199
1101,6.94416040134609
1102,7.035692890217472
1103,6.7335449980058835
1104,6.962497620119021
1105,7.100019463238097
1106,7.102928104925993
1107,7.45865109594509
1108,7.281333706436194
1109,7.040242269661347
1110,6.904211274642603
1111,6.992681189120496
1112,7.274173614728477
1113,6.671202122214356
1114,7.36387985830297
1115,6.941033822294665
1116,6.743184412228756
1117,7.366305094745023
1118,7.0068758935402995
1119,7.419140158747843
1120,7.193493665377788
1121,7.48662153369827
1122,7.148854136432957
1123,5.942702867164493
1124,6.7641117892355105
1125,7.331406910358927
1126,7.49337376201485
1127,7.307348511476674
1128,7.088914211427759
1129,7.0028550560433365
1130,6.992143075552793
1131,7.523267080099165
1132,7.093046662106001
1133,7.4478443851266345
1134,7.539879651107334
1135,7.120515574016796
1136,6.864263612991519
1137,7.605970373180797
1138,7.165927149592924
1139,7.096377983199247
1140,6.901780300438344
1141,7.040738686485463
1142,7.455300703849767
1143,6.920129559025299
1144,7.273808315371219
1145,7.501578703446316
1146,6.955218979252249
1147,7.1383223133720195
1148,7.248453797384425
1149,7.339230583505385
1150,6.764817674708123
1151,6.996133877609999
1152,6.907931476633436
1153,7.56635196531406
1154,6.98799262785908
1155,7.049857480390246
1156,6.939253386367582
1157,7.039788295852929
1158,7.420730604238175
1159,7.414963573791456
1160,7.172850828615376
1161,6.959051336642229
1162,6.855561803725111
1163,7.119663420592198
1164,7.0312983182408075
1165,7.110765128447236
1166,7.368246232171514
1167,7.020489423728706
1168,7.309073531666515
1169,6.931845374632888
1170,7.427271267682103
1171,5.31385903663945
1172,7.440945825542199
1173,7.494004019924198
1174,7.619586650549747
1175,7.501649676417783
1176,6.952570310413744
1177,7.035044563859851
1178,7.45224234997263
1179,7.107705381034345
1180,7.471517938274803
1181,7.6351291368549035
1182,7.165630246745417
1183,7.379089335582401
1184,7.382858543757636
1185,6.987755174073848
1186,7.412943435622367
1187,7.424063070373722
1188,7.212100852688612
1189,7.470696764479503
1190,6.974450182987334
1191,6.913152413083714
1192,10.049811152244294
1193,6.229652778214782
1194,7.374545526078536
1195,7.132825160665834
1196,6.798827454517661
1197,7.51981034430815
1198,6.978061070184645
1199,7.058959587654242
1200,7.612025471838857
1201,6.765873421846132
1202,7.136761444041042
1203,7.499085200917586
1204,6.618656108510226
1205,7.1939671187008845
1206,6.681563583341273
1207,7.32674429153734
1208,7.448248493331592
1209,7.10082827940341
1210,7.27750268200501
1211,7.949078652142268
1212,7.077456938409768
1213,7.4581399686193235
1214,7.108970980183063
1215,6.865372108308292
1216,7.153515159201416
1217,7.086487960357104
1218,6.705461440970799
1219,7.328685180119824
1220,7.4237883946284144
1221,7.537431249273539
1222,7.12473710032542
1223,7.094512837940865
1224,7.447095198931404
1225,7.398100998530346
1226,7.085125006585299
1227,6.28077999875107
1228,7.55347265073935
1229,6.545935030355281
1230,6.6641809633657045
1231,7.526147304978237
1232,7.078769147198405
1233,7.424478550032425
1234,7.280215096230116
1235,7.113693250858537
1236,7.28255841770995
1237,6.123401576685391
1238,7.207954149352175
1239,6.458689545674981
1240,7.083499701321645
1241,7.1867158320230855
1242,7.4082581317242475
1243,7.315091095111347
1244,7.126941610317266
1245,7.026944731260151
1246,7.225861616428283
1247,7.16814388298576
1248,7.206275014889228
1249,6.92392705889641
1250,7.011205431687413
1251,7.000026883489504
1252,6.884314112505086
1253,7.231832758699298
1254,7.5234598408822535
1255,7.452398364213689
1256,6.564675667509814
1257,7.6272305042374455
1258,7.281888986936913
1259,6.932188727310823
1260,7.16302755713739
1261,7.178497901406035
1262,7.006117641970572
1263,6.9490129034874
1264,7.422315144872024
1265,7.564280488531601
1266,7.2164540784800675
1267,7.424537693168839
1268,7.3239503248541595
1269,7.101954679315416
1270,6.8426937921994755
1271,7.177115485430527
1272,7.560653499454776
1273,7.1286169847319965
1274,7.117318769840872
1275,6.839393291788825
1276,7.101883908641646
1277,7.325175698608173
1278,7.232449257183403
1279,6.979406981629504
1280,5.937973935742623
1281,7.037553678591567
1282,7.197173880382264
1283,6.8559507076576125
1284,7.519367466926926
1285,6.983059869373795
1286,7.001653426293934
1287,6.762096415705469
1288,7.163133698535386
1289,6.996435616924132
1290,6.737235004320902
1291,6.969844059788632
1292,7.017698001928372
1293,7.51004485790311
1294,7.005935903804309
1295,7.473398748015317
1296,6.854518348035982
1297,7.181019554181631
1298,6.884208612295198
1299,7.4066504437671625
1300,7.324317679277485
1301,7.258681227717703
1302,7.302403218312153
1303,6.924099556138748
1304,7.12872297169355
1305,7.531675160817573
1306,7.208072135024333
1307,6.569123621918161
1308,7.4181994931797615
1309,6.953817041263838
1310,7.19358871034859
1311,6.94279674154369
1312,7.281971774258913
1313,7.503137557959197
1314,6.992132466273437
1315,7.3710872841868955
1316,7.094182724682261
1317,7.066369345997247
1318,6.685249472100834
1319,7.312226440837925
1320,6.71087997948258
1321,7.1930680314460815
1322,7.070443402660293
1323,7.079137065108627
1324,7.475917184531036
1325,7.368246232171514
1326,7.540091464823994
1327,7.590953284797229
1328,7.4809478577616595
1329,7.1297660410041015
1330,7.279936907519669
1331,6.691230940559386
1332,7.419982699453182
1333,7.035711229514717
1334,7.510485439245493
1335,6.784057750704769
1336,7.097305406413552
1337,6.870029177667931
1338,7.310894838523713
1339,6.813348770646856
1340,7.09910421700935
1341,6.805967340152951
1342,7.178939290624262
1343,10.360511879223083
1344,7.1192209044001755
1345,7.476928752816639
1346,7.456228019043063
1347,6.835830181433669
1348,7.3167656200529
1349,6.966790724977258
1350,7.214881671294704
1351,7.302236528861977
1352,6.8109148255644465
1353,7.534754727168308
1354,7.10008895250163
1355,7.463873563191456
1356,7.155879801175857
1357,6.933127967404353
1358,7.307780578053947
1359,7.093226838298899
1360,7.041474973447613
1361,7.1536830593139715
1362,7.00464798738121
1363,7.472710001851257
1364,6.884469263667533
1365,7.1860265644633765
1366,6.56838360275397
1367,7.4550365189535075
1368,7.093413032044029
1369,7.174421488507224
1370,7.087793120822772
1371,6.416535969316505
1372,7.491019498544265
1373,7.479462835745984
1374,7.031036744026278
1375,7.076532685039907
1376,7.538524939274121
1377,7.184907525508284
1378,6.67328140937473
1379,7.16489497441187
1380,7.075531898538607
1381,7.316422694363049
1382,7.2079765265666325
1383,7.099541980917244
1384,6.352799797643453
1385,6.931248326728884
1386,7.466595026648924
1387,7.125692631238568
1388,7.551901009338581
1389,7.171149165697584
1390,7.170602442957206
1391,6.077809429983336
1392,7.451053258267107
1393,7.040255056549234
1394,7.043606214429151
1395,7.1789845931656995
1396,7.579574750997013
1397,7.065530737494516
1398,7.511605402876684
1399,7.067106343002128
1400,6.583617817549305
1401,7.031607801223443
1402,7.087826805541367
1403,7.397436586823073
1404,6.992331737491154
1405,7.539857500344195
1406,7.046049786101113
1407,7.118398449194638
1408,6.974947671272874
1409,7.36649646177268
1410,6.990823202751571
1411,7.375770664340376
1412,7.0499737337301385
1413,7.084737062984474
1414,7.851875632466217
1415,7.108924508576582
1416,7.001092408804112
1417,7.131493181020287
1418,6.2990581597192
1419,6.816497507163171
1420,7.652025147990601
1421,5.532689716332721
1422,7.398077584425474
1423,6.70736064090732
1424,7.342109414629026
1425,7.208924964281022
1426,7.354903236792439
1427,7.411112219340647
1428,6.951580875810603
1429,7.3637609300170865
1430,7.533340002292008
1431,7.309337716562775
1432,6.651587951233754
1433,6.858740838540544
1434,7.101694683216387
1435,7.242994303834825
1436,7.476856723125321
1437,7.103400616262016
1438,7.204135442598668
1439,6.974982672405041
1440,7.141882819008796
1441,7.526737527454167
1442,6.709207708982532
1443,7.19981241424891
1444,7.711206648883954
1445,6.622954832483345
1446,6.84889498468531
1447,6.668632858851268
1448,7.492769268943098
1449,6.8976417434342245
1450,7.2099541498731945
1451,7.072704356670368
1452,7.5611163499906064
1453,7.119778456786113
1454,6.743226048719476
1455,7.397351812335115
1456,6.838466319716224
1457,7.038698012722849
1458,7.468948726632612
1459,7.400145981315993
1460,7.002768797847445
1461,7.4922082935445244
1462,6.866089431300325
1463,7.243790163934235
1464,7.2480594411820825
1465,7.265686698939791
1466,7.041180639190588
1467,8.05412175914665
1468,6.795069535659807
1469,6.942931306728021
1470,6.932115610941465
1471,7.0170579241839715
1472,7.196896740511059
1473,6.646183992823235
1474,7.59280863310716
1475,7.343892282105935
1476,7.107018633984184
1477,6.97686103648837
1478,6.6592843372551656
1479,7.119355153953788
1480,7.156668304881165
1481,7.684463081944556
1482,7.118022546011509
1483,7.3915501769487655
1484,6.733725986529686
1485,7.228084010288655
1486,7.08526955722028
1487,7.533055886332389
1488,7.228477501974653
1489,7.122583834539379
1490,7.247298238338621
1491,7.003200273560557
1492,7.346128068432342
1493,6.943377328134567
1494,6.867775673895439
1495,7.405523430237187
1496,6.997930097222625
1497,7.050531849602974
1498,7.465667711455628
1499,7.251616245464725
1500,6.558639364281433
1501,6.917099226042129
1502,7.278168986470674
1503,6.849436989352201
1504,7.078872114427773
1505,7.481033195736515
1506,7.581287235927515
1507,7.509105882795722
1508,7.306820687453102
1509,7.239095907588886
1510,7.388198343236757
1511,7.259809165792898
1512,6.428754716611327
1513,6.941997771684797
1514,7.4327430857420085
1515,7.3254338631619005
1516,6.946362413001398
1517,6.858379795861316
1518,7.272009952500954
1519,6.847713120289776
1520,6.976259806955677
1521,6.75104107060201
1522,7.183540507102393
1523,6.2820232655051464
1524,6.990095909073499
1525,6.940629833057869
1526,6.929131807484872
1527,6.982736273596423
1528,6.609741487014704
1529,6.83318598102917
1530,7.366188462497979
1531,7.579487568125023
1532,7.051824618580596
1533,7.4008495082356465
1534,7.3595867534447335
1535,6.921072212034214
1536,6.869882527246925
1537,7.492149389537606
1538,7.30638672784256
1539,7.189844167902795
1540,7.447022493407995
1541,6.78846754855683
1542,7.182686912061109
1543,7.084531425360995
1544,7.321214045251598
1545,7.307663016146231
1546,7.32252409450021
1547,7.18357623901582
1548,7.669802969480459
1549,7.182778782863282
1550,7.2072294099589245
1551,7.417378882871359
1552,7.150342332617261
1553,6.985566376788425
1554,7.51820481589109
1555,6.901727550351592
1556,7.607837790455276
1557,7.1183677363469755
1558,6.217740867504934
1559,6.841012577800906
1560,7.496049002709844
1561,7.455239207098746
1562,7.307125174344736
1563,8.159492079175461
1564,6.9003076381915935
1565,7.160268871225932
1566,6.637453887161103
1567,7.036228156152182
1568,7.532696957494773
1569,7.55041486034911
1570,7.154660525898929
1571,7.277122742991494
1572,7.070549526120661
1573,7.1211062957153635
1574,7.071016173977859
1575,7.612013248437867
1576,7.180625968218946
1577,6.979405854655709
1578,6.934808956090866
1579,7.361068713636974
1580,7.1037386513734315
1581,7.595054910282615
1582,7.009847628032344
1583,7.154558430809665
1584,7.030477459088398
1585,7.316862487528147
1586,7.308468136311354
1587,6.958530909519395
1588,7.105177353972379
1589,7.287041987312436
1590,7.462196498316031
1591,6.960966773309309
1592,7.332880160115318
1593,7.097295591396596
1594,6.8430888620009735
1595,7.004755143407809
1596,7.4349051519164036
1597,7.519652300809885
1598,7.068136827722489
1599,7.102808725498405
1600,6.984313481057163
1601,7.250499907143867
1602,6.9741658783806315
1603,7.008742747327881
1604,7.483838306708145
1605,7.4944561488354795
1606,7.074759861594525
1607,6.596831308516663
1608,6.843261745481957
1609,7.314222469953566
1610,7.580808375004317
1611,7.021168088094174
1612,6.997480578993073
1613,6.839115497874597
1614,7.043098024763676
1615,7.270772229648924
1616,7.2591454720089645
1617,6.983081116067408
1618,7.550297776960362
1619,7.605042494500602
1620,6.910393347272325
1621,7.055900106803309
1622,7.436402960819967
1623,6.918132133585631
1624,6.928655564483007
1625,7.181972648069557
1626,7.175599638221994
1627,5.888694572893167
1628,7.583938152994626
1629,7.27916968301947
1630,6.635436577671756
1631,6.889611692567935
1632,7.020181875595709
1633,7.001041142425295
1634,7.25180623667458
1635,7.125180334440782
1636,7.208523700448716
1637,7.438816786191935
1638,7.4561664099468485
1639,7.013021018103397
1640,7.049649202031415
1641,7.002561462875445
1642,7.213029088102945
1643,6.905833334490904
1644,7.090503327646598
1645,6.927750518483159
1646,7.3842021412260275
1647,6.9724046367147885
1648,7.429365654231481
1649,6.952070130390742
1650,6.735025167597914
1651,7.169030599258741
1652,6.463264470468437
1653,7.414918026861073
1654,6.7243006205856855
1655,7.069150762300877
1656,6.825190985251436
1657,7.088963574148221
1658,6.869977501963781
1659,7.146384813793693
1660,7.027302472964217
1661,7.370098251876375
1662,6.124889797023315
1663,7.418140462388541
1664,6.983759441636364
1665,7.069852219050936
1666,7.4966096814031555
1667,6.905838353556668
1668,6.923131093121483
1669,5.846192995161092
1670,7.570178309475992
1671,7.465476232082777
1672,6.82377515579403
1673,6.939518579244126
1674,6.4234799213948826
1675,7.214767986764971
1676,7.434251948981517
1677,6.686448378823313
1678,7.365760062465338
1679,7.266048470810453
1680,7.754445103949741
1681,6.924905008999808
1682,7.251213249080478
1683,7.575281082651879
1684,7.258384549560582
1685,7.699447297940434
1686,7.54079703893848
1687,6.90744102244799
1688,7.130899106166071
1689,7.172756087870075
1690,7.5229823585614
1691,7.471553106701332
1692,6.98499531959126
1693,7.571570131418001
1694,7.181292070386913
1695,7.315397817793908
1696,6.855749390875116
1697,7.002876422953376
1698,7.215714505004096
1699,6.811867606512508
1700,7.418567974576882
1701,7.589191445433848
1702,6.91843856139315
1703,6.872699112631084
1704,7.386106983252193
1705,7.148043341141512
1706,6.958585220058895
1707,6.984401227416051
1708,7.961900877608025
1709,7.035468299128103
1710,7.0492784898524965
1711,7.427713130434724
1712,7.23326171996078
1713,7.424761369097287
1714,7.364295222734595
1715,6.926990141584047
1716,7.182479865202631
1717,6.973697573779467
1718,7.534754727168308
1719,6.93405334774801
1720,7.200340914104574
1721,7.231012268616697
1722,7.414536195089167
1723,7.12734480899921
1724,7.57193917630202
1725,6.666165677814402
1726,6.918143639063281
1727,5.962420947265091
1728,6.993267608683859
1729,7.449066349219846
1730,7.051800777356763
1731,7.100943604262765
1732,7.219999842040209
1733,7.274052454887692
1734,7.215919691485872
1735,7.195126643649026
1736,6.943721197211248
1737,6.9098423936434665
1738,7.231366306875876
1739,7.2935135363326475
1740,7.162288542693255
1741,7.1678790204964775
1742,7.18520708112877
1743,6.129340227456477
1744,7.546499286120356
1745,7.5116382752643736
1746,7.101693353944894
1747,7.2600449354561505
1748,6.939084786763229
1749,6.833686980415789
1750,7.1577344315624485
1751,6.933672887338846
1752,7.397245670937119
1753,7.363549928631333
1754,7.188853403534245
1755,7.539986807133933
1756,7.533413271302315
1757,6.705499406234621
1758,7.127056083024283
1759,7.532043078727796
1760,7.0621800083636135
1761,7.198936704230943
1762,7.209818370065337
1763,7.4766764345872305
1764,6.784830225804537
1765,6.732049260450773
1766,7.13488236685247
1767,7.31096581149518
1768,7.07003952576869
1769,7.1736808823341445
1770,6.986007563708954
1771,10.717150558033836
1772,6.707566852211684
1773,7.1020638825368465
1774,7.144502033160236
1775,7.6105143125605075
1776,7.492959170200449
1777,7.064797738807119
1778,7.45988845760792
1779,6.6436232081012925
1780,7.010979209486378
1781,6.8197278595036765
1782,7.443859843029998
1783,6.701770019581407
1784,7.602617370403744
1785,7.305900801867491
1786,7.172565059638929
1787,6.974349874430945
1788,6.910355029237763
1789,6.926638507253839
1790,6.929153489168679
1791,7.013140712173876
1792,6.845983168828786
1793,7.050314628367292
1794,7.0416673730415
1795,7.155231659646228
1796,7.5598592406366585
1797,7.042308482989096
1798,7.085616108220464
1799,6.783602158670212
1800,7.616041604912946
1801,7.274887768995993
1802,6.983868023137514
1803,7.067269994651612
1804,7.112207665355963
1805,7.400565350184779
1806,7.541915270017729
1807,7.730453193567409
1808,7.015305687204862
1809,7.383716012953261
1810,6.983840324032354
1811,7.368317205142981
1812,7.186377224671358
1813,7.31471320824164
1814,7.227905678992893
1815,6.980142817449949
1816,6.907289221774417
1817,7.4067465213041945
1818,7.528606428436581
1819,7.031781966832569
1820,5.871636821927451
1821,7.814850780272717
1822,6.954600677962257
1823,7.130400191005417
1824,7.51854798359232
1825,7.5784546750206285
1826,7.26215609644093
1827,7.2755514627799265
1828,7.075107018172854
1829,7.075211112376018
1830,7.339433456010692
1831,6.975290878795537
1832,7.515824224096011
1833,7.194697114537491
1834,7.203293014238523
1835,7.010882544308828
1836,7.570821917760124
1837,7.144075443814089
1838,7.656495818360005
1839,7.182983518203353
1840,7.523387135358845
1841,7.378231971492366
1842,7.302880249491302
1843,7.237992027073917
1844,7.596279846246757
1845,7.143680859364936
1846,7.527371677455482
1847,7.042036417925519
1848,7.262425205775711
1849,7.494300513721249
1850,6.964755524831832
1851,6.215759801286448
1852,7.253938402332217
1853,7.405892362776012
1854,7.532855000993037
1855,6.944612079115667
1856,7.465562287980972
1857,7.148406876304466
1858,7.029931299834917
1859,7.2397737820161385
1860,7.042706080994674
1861,6.690419455190776
1862,7.460815321659512
1863,7.432580320102921
1864,7.406640985484345
1865,7.126486307237355
1866,7.23901410497186
1867,7.016868416197978
1868,6.996357489438907
1869,7.1346903239927215
1870,6.739635587339094
1871,7.430505454518467
1872,7.501651972456623
1873,5.902641907401465
1874,7.376257647035295
1875,6.929331054679847
1876,7.262334225438995
1877,7.400231319290848
1878,7.265787370130318
1879,6.77884043456792
1880,7.539857500344195
1881,6.925981585426718
1882,7.07734260260854
1883,7.469959238198364
1884,7.421733968432401
1885,7.330513482181923
1886,7.187716979713586
1887,7.070944347078152
1888,7.248859703533232
1889,7.473978794285089
1890,7.16760664079001
1891,7.355366354109906
1892,6.96902606016196
1893,6.567595787453055
1894,7.206527878085835
1895,6.110410380584542
1896,10.18695477550583
1897,7.431183667742229
1898,6.941099912514872
1899,7.416640075179982
1900,6.535764564188553
1901,7.085473823481018
1902,6.811350919608843
1903,6.817035376341929
1904,7.2014266115926455
1905,7.60908833145754
1906,7.431802983660824
1907,7.205383543954553
1908,7.350611525689634
1909,6.60841810366432
1910,6.697377821056165
1911,7.534742202737871
1912,7.520223358007051
1913,6.829321058779908
1914,7.132941478269987
1915,7.154837858839101
1916,6.8495996084354545
1917,6.646557987051861
1918,7.3590279196485575
1919,6.254021689943761
1920,6.984136414933352
1921,6.275567781857165
1922,7.024033478890526
1923,7.171410021988774
1924,7.012538925986913
1925,6.959630182127837
1926,6.152485234799475
1927,7.06224105397293
1928,6.736602860410999
1929,7.374687489342462
1930,7.329265380826038
1931,7.121149006094772
1932,6.563669023601358
1933,7.00884900107107
1934,7.363597276533698
1935,7.003259269353884
1936,7.245278360118538
1937,6.919699882894432
1938,6.832482212098137
1939,7.204263378025665
1940,7.5055638090298515
1941,7.304770156325433
1942,7.370290651470262
1943,7.21030931510617
1944,7.135454861978466
1945,7.481698170930686
1946,7.038302525990287
1947,6.415042081258008
1948,7.064537411792187
1949,7.3945351494704035
1950,7.339718444330093
1951,7.481507818531631
1952,7.041053041978029
1953,7.209295944014679
1954,6.936480970181407
1955,7.59299785853242
1956,7.347970268796063
1957,7.014936705335184
1958,6.893778634661757
1959,7.2190730903338105
1960,7.022845152969598
1961,7.486548264687963
1962,7.637101414117142
1963,7.333462159303235
1964,7.2294534141038165
1965,7.225811968275606
1966,6.801615386256556
1967,7.533887894097432
1968,7.420743391126062
1969,7.7227541022434245
1970,6.611419595855189
1971,7.296385479013872
1972,6.864140045484604
1973,6.95486429937162
1974,7.4492243927181105
1975,7.560486655568157
1976,6.564556851569124
1977,7.150793898041645
1978,6.756490211191114
1979,10.116056515618059
1980,7.535945663770966
1981,7.161836620534732
1982,6.7784840221353475
1983,6.8229504767842055
1984,7.048150717295761
1985,7.005794659236825
1986,6.850499440822457
1987,7.010242810179036
1988,7.258393468379244
1989,7.344965430083711
1990,7.503958731754496
1991,7.02829075742777
1992,7.547514549970237
1993,7.669828501164986
1994,5.917926370656122
1995,6.368555229959441
1996,7.024687714391642
1997,10.550662148536844
1998,7.0716807463854945
1999,7.1928635672679135
2000,7.189580546493432
